x,y,yerr,upperlimits,lowerlimits
0,0.0,0.05,True,False
1,0.39108616260057716,0.06666666666666668,False,True
2,0.7725424859373685,0.08333333333333334,True,False
3,1.1349762493488669,0.1,False,True
4,1.469463130731183,0.11666666666666668,True,False
5,1.7677669529663687,0.13333333333333336,False,True
6,2.022542485937368,0.15000000000000002,True,False
7,2.2275163104709197,0.16666666666666669,False,True
8,2.3776412907378837,0.18333333333333335,True,False
9,2.4692208514878446,0.2,False,True
